Height (Inches),Weight (Pounds),Age,Grip strength,Frailty,BMI
65.8,112.0,30,30,False,18.185345663842725
71.5,136.0,19,31,False,18.70174580664091
69.4,153.0,45,29,False,22.33201006569276
68.2,142.0,22,28,True,21.46223372692013
67.8,144.0,29,24,True,22.022084736471147
68.7,123.0,50,26,False,18.32090666971771
69.8,141.0,51,22,True,20.345276311360333
70.1,136.0,23,20,True,19.456207862824865
67.9,112.0,17,19,False,17.07787376827657
66.8,120.0,39,31,False,18.905303166122845
